{"mean_after": -8.373189633333332, "mean_before": -11.205704686666666, "std_after": 2.8701733707470214, "std_before": 4.509137264387286}