{"mean_after": 33.389346063333335, "mean_before": -3.3867748966666666, "std_after": 4.592920581093493, "std_before": 16.090162804240247}