{"mean_after": 1418.26611224, "mean_before": -0.26943136666666667, "std_after": 493.2472688655401, "std_before": 0.6817062539111493}