{"mean_after": 40.84111421, "mean_before": 124.85698481666667, "std_after": 95.6326337215676, "std_before": 35.119207160383304}