{"mean_after": -18.436538253333335, "mean_before": -11.205704686666666, "std_after": 8.340339053655288, "std_before": 4.509137264387286}