{
    "batch_size": 512,
    "ent_coef": 0.0010159833764878474,
    "learning_rate": 0.0003904770450788824,
    "n_epochs": 20,
    "clip_range": 0.1,
    "gae_lambda": 0.98,
    "max_grad_norm": 0.9,
    "gamma": 0.995,
    "vf_coef": 0.20315938606555833
}