{"mean_after": 1479.9556981033334, "mean_before": -0.26943136666666667, "std_after": 630.7776263982062, "std_before": 0.6817062539111493}