{"mean_after": -8.3000826, "mean_before": -11.205704686666666, "std_after": 3.0483406541613314, "std_before": 4.509137264387286}