{"mean_after": 1587.0733088266668, "mean_before": -0.26943136666666667, "std_after": 326.989024012276, "std_before": 0.6817062539111493}