{"mean_after": 14.163114006666666, "mean_before": -3.3867748966666666, "std_after": 30.25582954817249, "std_before": 16.090162804240247}