{"mean_after": -7.61039031, "mean_before": -11.205704686666666, "std_after": 2.5964790803803215, "std_before": 4.509137264387286}