{"mean_after": 443.06770084333334, "mean_before": 997.5471454133334, "std_after": 649.1017364232307, "std_before": 4.846352520337459}