{"mean_after": 8.316666666666666, "mean_before": 19.216666666666665, "std_after": 0.7278201853632682, "std_before": 25.715554091293118}