{"mean_after": 14.684096750000002, "mean_before": -3.3867748966666666, "std_after": 28.575410836657305, "std_before": 16.090162804240247}