{"mean_after": 46.76902369333334, "mean_before": 146.82352094333334, "std_after": 88.11673050323469, "std_before": 43.26548522343432}