{"mean_after": -115.38666666666667, "mean_before": -200.0, "std_after": 2.5239827433817545, "std_before": 0.0}