{"mean_after": 1800.0026022333334, "mean_before": -0.26943136666666667, "std_after": 525.4588209911851, "std_before": 0.6817062539111493}