{"mean_after": 20.849512183333335, "mean_before": 146.82352094333334, "std_after": 140.63133439563205, "std_before": 43.26548522343432}