{
    "batch_size": 256,
    "ent_coef": 0.008508727919228772,
    "learning_rate": 0.0012403278189645594,
    "n_epochs": 10,
    "clip_range": 0.4,
    "gae_lambda": 0.9,
    "max_grad_norm": 0.8,
    "gamma": 0.9999,
    "vf_coef": 0.489343896591493
}