{"mean_after": 2584.3370436233336, "mean_before": -0.26943136666666667, "std_after": 554.162165254965, "std_before": 0.6817062539111493}