{"mean_after": 33.53715039, "mean_before": -3.3867748966666666, "std_after": 8.302060328100971, "std_before": 16.090162804240247}