{"mean_after": 8.35, "mean_before": 19.216666666666665, "std_after": 0.7262919523166975, "std_before": 25.715554091293118}