{"mean_after": -116.37666666666667, "mean_before": -200.0, "std_after": 16.908423607447528, "std_before": 0.0}