{"mean_after": -21.92369959666667, "mean_before": -11.205704686666666, "std_after": 16.136567995256858, "std_before": 4.509137264387286}