{"mean_after": 1382.4488093533332, "mean_before": -0.26943136666666667, "std_after": 965.8527386445968, "std_before": 0.6817062539111493}