{"mean_after": 8.283333333333333, "mean_before": 19.216666666666665, "std_after": 0.7414325473178409, "std_before": 25.715554091293118}