{"mean_after": -20.13943051, "mean_before": -11.205704686666666, "std_after": 9.70030969467865, "std_before": 4.509137264387286}