{"mean_after": 1612.2335530833334, "mean_before": -0.26943136666666667, "std_after": 510.47212870873847, "std_before": 0.6817062539111493}