{"mean_after": -7.5086687166666675, "mean_before": -11.205704686666666, "std_after": 2.818416865298055, "std_before": 4.509137264387286}