{"mean_after": 1797.2510609133335, "mean_before": -0.26943136666666667, "std_after": 209.30635811348532, "std_before": 0.6817062539111493}