{"mean_after": 1786.2540210966665, "mean_before": -0.26943136666666667, "std_after": 262.66583217035986, "std_before": 0.6817062539111493}