{"mean_after": 2213.2648632, "mean_before": -0.26943136666666667, "std_after": 730.8328001055505, "std_before": 0.6817062539111493}