{"mean_after": 36.34932060333334, "mean_before": -3.3867748966666666, "std_after": 4.073886202435826, "std_before": 16.090162804240247}