{"mean_after": -120.43333333333334, "mean_before": -200.0, "std_after": 22.69153048067837, "std_before": 0.0}