{"mean_after": 36.089101103333334, "mean_before": -3.3867748966666666, "std_after": 5.146716874397737, "std_before": 16.090162804240247}