{"mean_after": -7.549190749999999, "mean_before": -11.205704686666666, "std_after": 2.9217388653569984, "std_before": 4.509137264387286}