{"mean_after": 9.554847773333336, "mean_before": -3.3867748966666666, "std_after": 24.794505715636085, "std_before": 16.090162804240247}