{"mean_after": 15.921974950000001, "mean_before": -3.3867748966666666, "std_after": 33.98018868496371, "std_before": 16.090162804240247}