{"mean_after": -683.0941218666667, "mean_before": 997.5471454133334, "std_after": 413.04482061854213, "std_before": 4.846352520337459}