{"mean_after": 8.9, "mean_before": 19.216666666666665, "std_after": 1.3253930234714029, "std_before": 25.715554091293118}