{"mean_after": 525.8716231633334, "mean_before": 997.5471454133334, "std_after": 815.6899360152005, "std_before": 4.846352520337459}