{"mean_after": -38.65804026000001, "mean_before": 124.85698481666667, "std_after": 25.132823431441036, "std_before": 35.119207160383304}