{"mean_after": 264.0797998933333, "mean_before": 124.85698481666667, "std_after": 237.80549495604654, "std_before": 35.119207160383304}