{"mean_after": 38.88283016, "mean_before": -3.3867748966666666, "std_after": 3.357363639896923, "std_before": 16.090162804240247}