{"mean_after": -7.420615756666666, "mean_before": -11.205704686666666, "std_after": 2.520747563010055, "std_before": 4.509137264387286}