{"mean_after": 31.91459746, "mean_before": 124.85698481666667, "std_after": 95.2878242974003, "std_before": 35.119207160383304}