{"mean_after": -7.916893880000001, "mean_before": -11.205704686666666, "std_after": 2.8231781771195537, "std_before": 4.509137264387286}