{"mean_after": 44.38528011, "mean_before": 146.82352094333334, "std_after": 127.34322059996546, "std_before": 43.26548522343432}