{"mean_after": 38.19418597333333, "mean_before": -3.3867748966666666, "std_after": 2.896262851964369, "std_before": 16.090162804240247}