{"mean_after": 52.221576999999996, "mean_before": 124.85698481666667, "std_after": 118.4792277502783, "std_before": 35.119207160383304}