{"mean_after": 82.74725395666665, "mean_before": 146.82352094333334, "std_after": 84.58391246575711, "std_before": 43.26548522343432}