{"mean_after": -13.793270313333332, "mean_before": -11.205704686666666, "std_after": 5.545206939337685, "std_before": 4.509137264387286}