{"mean_after": 1646.1638795000001, "mean_before": -0.26943136666666667, "std_after": 383.6623541289949, "std_before": 0.6817062539111493}