{"mean_after": 75.78498477666669, "mean_before": 146.82352094333334, "std_after": 117.83621769274419, "std_before": 43.26548522343432}