{"mean_after": 8.34, "mean_before": 19.216666666666665, "std_after": 0.7241546796092669, "std_before": 25.715554091293118}