{"mean_after": -326.24263521666666, "mean_before": 997.5471454133334, "std_after": 809.6886309391094, "std_before": 4.846352520337459}