{"mean_after": 17.03211037666667, "mean_before": -3.3867748966666666, "std_after": 28.33070222468092, "std_before": 16.090162804240247}