{"mean_after": 90.12863915666664, "mean_before": 997.5471454133334, "std_after": 792.6774443283153, "std_before": 4.846352520337459}